name,map,bpref,ndcg_cut_10
qrels_QE_dph_over_50_IterDict,0.3573131964346112,0.4471282594748028,0.5693375292893728
qcred_QE_dph_over_50_IterDict,0.5058266550622924,0.6793133942559276,0.6238555680139608
qread_QE_dph_over_50_IterDict,0.40373616755516145,0.45229368820128074,0.7228325433875068
