name,map,bpref,ndcg_cut_10
qrels_colbert-pubmed-per-query,0.4757745281083882,0.45230662929167986,0.6064174461331379
qcred_colbert-pubmed-per-query,0.7292100665209337,0.6897902311467827,0.6197605669922346
qread_colbert-pubmed-per-query,0.6145325721264393,0.4924833545771474,0.7831439778164467
