name,map,bpref,ndcg_cut_10
qrels_duoT5,0.07144419054315343,0.07788893528504044,0.7136097398459473
qcred_duoT5,0.05136082391628515,0.0531976100536352,0.6402646982098702
qread_duoT5,0.04276018593482425,0.04508939804962681,0.8050056291997908
