judgement,qid,query,ndcg@10,map,bpref,name,num_docs,num_results
qrels,119,best pillow neck pain,0.4971144281929888,0.05013477088948787,0.05606977572089712,duoT5,168,10
qcred,119,best pillow neck pain,0.3504326764765799,0.03598145528838598,0.038985148514851485,duoT5,168,10
qread,119,best pillow neck pain,0.6213285727044032,0.02762367082755432,0.02890556045895852,duoT5,168,10
