judgement,qid,query,ndcg@10,map,bpref,name,num_docs,num_results
qrels,112,symptoms of asthma,1.0,0.07352941176470588,0.07352941176470588,duoT5,209,10
qcred,112,symptoms of asthma,0.664223233449877,0.04739336492890995,0.04739336492890995,duoT5,209,10
qread,112,symptoms of asthma,1.0,0.04926108374384237,0.04926108374384237,duoT5,209,10
