judgement,qid,query,ndcg@10,map,bpref,name,num_docs,num_results
qrels,127,glasses for computer,0.828263565684266,0.052214781746031745,0.05590277777777778,duoT5,65,10
qcred,127,glasses for computer,0.6045168890453569,0.04975124378109453,0.04975124378109453,duoT5,65,10
qread,127,glasses for computer,0.924301329451995,0.04405286343612335,0.04405286343612335,duoT5,65,10
