judgement,qid,query,ndcg@10,map,bpref,name,num_docs,num_results
qrels,131,exercises for better posture,0.844914328176731,0.05747126436781609,0.05747126436781609,duoT5,84,10
qcred,131,exercises for better posture,0.42587130157796504,0.04726217108767444,0.05315967838394578,duoT5,84,10
qread,131,exercises for better posture,0.9260852545422736,0.041666666666666664,0.041666666666666664,duoT5,84,10
