judgement,qid,query,ndcg@10,map,bpref,name,num_docs,num_results
qrels,102,randomly gotten eczema,0.7786601047223419,0.03836206896551724,0.038553639846743294,duoT5,97,10
qcred,102,randomly gotten eczema,0.5746821701425855,0.1111111111111111,0.1111111111111111,duoT5,97,10
qread,102,randomly gotten eczema,0.8500474841512529,0.04065040650406504,0.04065040650406504,duoT5,97,10
