judgement,qid,query,ndcg@10,map,bpref,name,num_docs,num_results
qrels,123,hypothyroidism symptoms,0.924301329451995,0.043668122270742356,0.043668122270742356,duoT5,161,10
qcred,123,hypothyroidism symptoms,0.6105967065074063,0.04184100418410042,0.04184100418410042,duoT5,161,10
qread,123,hypothyroidism symptoms,0.8879972192424123,0.04065040650406504,0.04065040650406504,duoT5,161,10
