judgement,qid,query,ndcg@10,map,bpref,name,num_docs,num_results
qrels,53,what is psychotherapy ,0.5153369545607207,0.16368563685636855,0.18976799524092802,duoT5,179,10
qcred,53,what is psychotherapy ,0.4291492121564005,0.043859649122807015,0.043859649122807015,duoT5,179,10
qread,53,what is psychotherapy ,0.5391991344893377,0.046511627906976744,0.046511627906976744,duoT5,179,10
