judgement,qid,query,ndcg@10,map,bpref,name,num_docs,num_results
qrels,121,numb fingers arthritis,0.5586700572154426,0.0417718253968254,0.04450000000000001,duoT5,177,10
qcred,121,numb fingers arthritis,0.4811827608251771,0.04291845493562232,0.04291845493562232,duoT5,177,10
qread,121,numb fingers arthritis,0.6244541635112971,0.04219409282700422,0.04219409282700422,duoT5,177,10
