judgement,qid,query,ndcg@10,map,bpref,name,num_docs,num_results
qrels,97,benefits of physical activity,0.7312842971808677,0.030569727891156466,0.034863945578231297,duoT5,222,10
qcred,97,benefits of physical activity,0.745635102906552,0.040160642570281124,0.040160642570281124,duoT5,222,10
qread,97,benefits of physical activity,0.6618530752440904,0.025826149425287357,0.028017241379310342,duoT5,222,10
