judgement,qid,query,ndcg@10,map,bpref,name,num_docs,num_results
qrels,113,asthma and covid,0.8205228949141826,0.05727800782148607,0.0647644927536232,duoT5,218,10
qcred,113,asthma and covid,0.9504318313235595,0.042735042735042736,0.042735042735042736,duoT5,218,10
qread,113,asthma and covid,0.8568270051237654,0.03837070426876252,0.042917034421888794,duoT5,218,10
