judgement,qid,query,ndcg@10,map,bpref,name,num_docs,num_results
qrels,95,reading problems in ms,0.6043638287786852,0.15345950345950346,0.1985535831689678,duoT5,210,10
qcred,95,reading problems in ms,0.7510916729774053,0.05670250896057348,0.05792869269949067,duoT5,210,10
qread,95,reading problems in ms,0.785807283945794,0.05813953488372093,0.05813953488372093,duoT5,210,10
