judgement,qid,query,ndcg@10,map,bpref,name,num_docs,num_results
qrels,45,can diabetes be cured ,0.5608635957594111,0.05200240183792815,0.05874060150375939,duoT5,125,10
qcred,45,can diabetes be cured ,0.3573072201679947,0.04616287094547964,0.06843100189035917,duoT5,125,10
qread,45,can diabetes be cured ,0.4468850124477884,0.02998826291079812,0.048252477829942624,duoT5,125,10
