judgement,qid,query,ndcg@10,map,bpref,name,num_docs,num_results
qrels,132,headpats scalp psoriasis,0.8453239416304209,0.09345794392523364,0.09345794392523364,duoT5,124,10
qcred,132,headpats scalp psoriasis,0.5903750220679506,0.09009009009009009,0.09009009009009009,duoT5,124,10
qread,132,headpats scalp psoriasis,0.8983805331236496,0.06802721088435375,0.06802721088435375,duoT5,124,10
