judgement,qid,query,ndcg@10,map,bpref,name,num_docs,num_results
qrels,92,causes of fatigue in ms,0.7224582773603178,0.0896551724137931,0.0916897872902629,duoT5,223,10
qcred,92,causes of fatigue in ms,0.4221346112454387,0.0489714468162744,0.051421657592256496,duoT5,223,10
qread,92,causes of fatigue in ms,0.7883346499746094,0.05235602094240838,0.05235602094240838,duoT5,223,10
