judgement,qid,query,ndcg@10,map,bpref,name,num_docs,num_results
qrels,107,medication adhd anxiety,0.3054194165765753,0.03894993894993895,0.09072978303747535,duoT5,128,10
qcred,107,medication adhd anxiety,0.8762029265927961,0.08196721311475409,0.08196721311475409,duoT5,128,10
qread,107,medication adhd anxiety,0.9526058178152246,0.04081632653061224,0.04081632653061224,duoT5,128,10
