name,map,bpref,ndcg_cut_10
qrels_QE_tfidf_over_50_IterDict,0.32890505110366924,0.43082200389698255,0.5287589052833704
qcred_QE_tfidf_over_50_IterDict,0.49226647902448983,0.6768944420544201,0.6054693401603884
qread_QE_tfidf_over_50_IterDict,0.3944453256388549,0.4529561552518747,0.6919786258435129
