judgement,name,ndcg@10,map,bpref
qrels,colbertv2-pubmed,0.6064174461331379,0.4757745281083882,0.45230662929167986
qcred,colbertv2-pubmed,0.6197605669922346,0.7292100665209337,0.6897902311467827
qread,colbertv2-pubmed,0.7831439778164467,0.6145325721264393,0.4924833545771474
