judgement,name,ndcg@10,map,bpref
qrels,colbertv2,0.6496044473343799,0.330815632243976,0.34608532015536525
qcred,colbertv2,0.6340219862571973,0.4731282788516834,0.4666473880183555
qread,colbertv2,0.799139613767265,0.40775802382983123,0.37965581119716385
