judgement,name,ndcg@10,map,bpref
qrels,DPH,0.5385130905038714,0.4661345927064553,0.43217097765401635
qcred,DPH,0.643205744271946,0.7700929553411707,0.7280297480843184
qread,DPH,0.7422582238918123,0.6421178325478504,0.4639988120334678
