judgement,name,ndcg@10,map,bpref
qrels,DPH_qe,0.5097535538822487,0.4693997691359044,0.4327119121555484
qcred,DPH_qe,0.6374882703527949,0.7730649199672086,0.7296639790885346
qread,DPH_qe,0.7514156251198187,0.6433512819086399,0.4652618863240977
