judgement,name,ndcg@10,map,bpref
qrels,duoT5,0.7136097398459473,0.07144419054315343,0.07788893528504044
qcred,duoT5,0.6402646982098702,0.05136082391628515,0.0531976100536352
qread,duoT5,0.8050056291997908,0.04276018593482425,0.04508939804962681
