judgement,name,ndcg@10,map,bpref
qrels,monoT5,0.7222212338257487,0.523885221403071,0.4931788629899056
qcred,monoT5,0.6454054758875865,0.7898890934794776,0.7344620696499876
qread,monoT5,0.8129193230480892,0.666978532416473,0.5241236855384993
