judgement,name,ndcg@10,map,bpref
qrels,TF_IDF,0.5511063578019185,0.4695637326154263,0.4335955564910449
qcred,TF_IDF,0.639705301646465,0.7750061163500823,0.7157742127420726
qread,TF_IDF,0.7462354243357017,0.6452807753316191,0.493725834884003
