judgement,name,ndcg@10,map,bpref
qrels,TF_IDF_qe,0.5574491485462504,0.46852655993363146,0.42853104577003687
qcred,TF_IDF_qe,0.6355214453251308,0.7789097821551683,0.7177929083768849
qread,TF_IDF_qe,0.7514714256563362,0.64770501998939,0.5001160665398485
