name,map,bpref,ndcg_cut_10
qrels_colbert_v1,0.4778036048370929,0.4451726208389804,0.6328878943415213
qcred_colbert_v1,0.772468118216796,0.7281351499329193,0.6255982374034494
qread_colbert_v1,0.6483160142259484,0.5096711780097598,0.7740526928101096
