judgement,qid,query,ndcg@10,map,bpref,name,num_docs,num_results
qrels,112,symptoms of asthma,0.9574284411791895,0.8192470894461289,0.8313338493292042,colbert_v1,209,173
qcred,112,symptoms of asthma,0.6017041881647532,0.7759792649526541,0.7599951391420599,colbert_v1,209,173
qread,112,symptoms of asthma,0.9526058178152246,0.7091387824273954,0.6498270621528156,colbert_v1,209,173
