judgement,qid,query,ndcg@10,map,bpref,name,num_docs,num_results
qrels,113,asthma and covid,0.8443145612321256,0.586787418686823,0.6068193581780538,colbert_v1,218,217
qcred,113,asthma and covid,0.9361767385157805,0.9176221405596134,0.9046474358974359,colbert_v1,218,217
qread,113,asthma and covid,0.8115558478722846,0.8051899451495034,0.7111650485436878,colbert_v1,218,217
