judgement,qid,query,ndcg@10,map,bpref,name,num_docs,num_results
qrels,53,what is psychotherapy?,0.3259539356453839,0.24840386901609204,0.2885187388459251,colbert_v1,179,177
qcred,53,what is psychotherapy?,0.5098146276790794,0.7688773506157135,0.7541866028708158,colbert_v1,179,177
qread,53,what is psychotherapy?,0.44497705842547997,0.5974365423458554,0.47827242524916946,colbert_v1,179,177
