judgement,qid,query,ndcg@10,map,bpref,name,num_docs,num_results
qrels,123,hypothyroidism symptoms,0.7136222476339382,0.5865807618047815,0.4258681638594302,colbert_v1,161,160
qcred,123,hypothyroidism symptoms,0.6526174419698505,0.5906067948141281,0.365918600228223,colbert_v1,161,160
qread,123,hypothyroidism symptoms,0.8710623129677536,0.6298918058760428,0.42784552845528456,colbert_v1,161,160
