judgement,qid,query,ndcg@10,map,bpref,name,num_docs,num_results
qrels,92,causes of fatigue in MS,0.8039700195941961,0.46610279689311584,0.47509578544061304,colbert_v1,223,207
qcred,92,causes of fatigue in MS,0.44106974858811665,0.7504893300626028,0.6675741076830005,colbert_v1,223,207
qread,92,causes of fatigue in MS,0.8437354423892268,0.716978767805367,0.6165587008607685,colbert_v1,223,207
