judgement,qid,query,ndcg@10,map,bpref,name,num_docs,num_results
qrels,95,Reading problems in MS,0.033127111727194514,0.2717108170879423,0.16370808678500987,colbert_v1,210,204
qcred,95,Reading problems in MS,0.38995411685095993,0.8563946465555826,0.8440747028862495,colbert_v1,210,204
qread,95,Reading problems in MS,0.5473941821847753,0.8939907461817278,0.8416070363744765,colbert_v1,210,204
