judgement,qid,query,ndcg@10,map,bpref,name,num_docs,num_results
qrels,45,Can diabetes be cured?,0.5356932287530914,0.4911128552538507,0.5246374865735761,colbert_v1,125,122
qcred,45,Can diabetes be cured?,0.32362579639875194,0.5070383256359732,0.6077126654064279,colbert_v1,125,122
qread,45,Can diabetes be cured?,0.34593235899765734,0.2595443502055036,0.3322248304642671,colbert_v1,125,122
