judgement,qid,query,ndcg@10,map,bpref,name,num_docs,num_results
qrels,119,best pillow neck pain,0.2674859484828555,0.10586259957741403,0.1607333570665717,colbert_v1,168,159
qcred,119,best pillow neck pain,0.3034602063229484,0.41062532330357365,0.3056930693069306,colbert_v1,168,159
qread,119,best pillow neck pain,0.35407926515696864,0.3984932134835072,0.25805383936451914,colbert_v1,168,159
