judgement,qid,query,ndcg@10,map,bpref,name,num_docs,num_results
qrels,127,glasses for computer,0.8420408739214108,0.29526154557665846,0.3145833333333333,colbert_v1,65,65
qcred,127,glasses for computer,0.5772937401026464,0.24711057320623686,0.2548482079398922,colbert_v1,65,65
qread,127,glasses for computer,0.9301909272231254,0.28166074157041543,0.28117218923577864,colbert_v1,65,65
