judgement,qid,query,ndcg@10,map,bpref,name,num_docs,num_results
qrels,102,randomly gotten eczema,0.8611477487156033,0.29206289119142087,0.1853448275862069,colbert_v1,97,97
qcred,102,randomly gotten eczema,0.5218284475117657,0.8485451731504127,0.8975308641975304,colbert_v1,97,97
qread,102,randomly gotten eczema,0.8815473456401717,0.35763065367016805,0.11890243902439024,colbert_v1,97,97
