judgement,qid,query,ndcg@10,map,bpref,name,num_docs,num_results
qrels,121,numb fingers arthritis,0.5534662049469184,0.5470875727122342,0.4475999999999999,colbert_v1,177,171
qcred,121,numb fingers arthritis,0.4565716779719675,0.6810717883551514,0.5925271396112098,colbert_v1,177,171
qread,121,numb fingers arthritis,0.641616258248633,0.6471544626460941,0.45796819214540735,colbert_v1,177,171
