judgement,name,ndcg@10,map,bpref
qrels,colbert-pubmed-bert,0.6064174461331382,0.47577452810838833,0.45230662929168
qcred,colbert-pubmed-bert,0.6197605669922346,0.7292100665209336,0.6897902311467827
qread,colbert-pubmed-bert,0.7831439778164466,0.6145325721264393,0.4924833545771474
