judgement,name,ndcg@10,map,bpref
qrels,colbertv2.0,0.6496044473343798,0.33081563224397603,0.3460853201553655
qcred,colbertv2.0,0.6340219862571971,0.4731282788516832,0.4666473880183554
qread,colbertv2.0,0.799139613767265,0.4077580238298313,0.3796558111971639
