name,map,bpref,ndcg_cut_10
qrels_colbert-v2-per-query,0.330815632243976,0.34608532015536525,0.6496044473343799
qcred_colbert-v2-per-query,0.4731282788516834,0.4666473880183555,0.6340219862571973
qread_colbert-v2-per-query,0.40775802382983123,0.37965581119716385,0.799139613767265
